utilization.gpu [%], memory.used [MiB]
100 %, 22154 MiB
100 %, 22126 MiB
42 %, 22115 MiB
100 %, 22115 MiB
100 %, 22115 MiB
100 %, 22115 MiB
100 %, 22115 MiB
100 %, 22115 MiB
100 %, 22115 MiB
45 %, 22115 MiB
91 %, 22115 MiB
100 %, 22115 MiB
100 %, 22115 MiB
55 %, 22115 MiB
100 %, 22115 MiB
100 %, 22115 MiB
65 %, 22115 MiB
100 %, 22115 MiB
100 %, 22115 MiB
70 %, 22115 MiB
0 %, 22125 MiB
0 %, 22113 MiB
0 %, 22113 MiB
0 %, 22113 MiB
0 %, 22113 MiB
2 %, 22113 MiB
0 %, 22175 MiB
0 %, 22140 MiB
0 %, 22139 MiB
0 %, 22153 MiB
0 %, 22158 MiB
0 %, 22166 MiB
0 %, 22155 MiB
9 %, 22115 MiB
1 %, 22166 MiB
0 %, 22128 MiB
1 %, 22141 MiB
2 %, 22133 MiB
0 %, 22135 MiB
4 %, 22136 MiB
1 %, 22136 MiB
0 %, 22136 MiB
0 %, 22136 MiB
0 %, 22136 MiB
4 %, 22136 MiB
1 %, 22142 MiB
2 %, 22129 MiB
4 %, 22170 MiB
0 %, 22119 MiB
0 %, 22117 MiB
18 %, 22117 MiB
18 %, 22117 MiB
0 %, 22118 MiB
23 %, 22165 MiB
10 %, 22190 MiB
19 %, 22124 MiB
18 %, 22124 MiB
0 %, 22125 MiB
0 %, 22125 MiB
26 %, 22175 MiB
0 %, 22171 MiB
7 %, 22126 MiB
19 %, 22126 MiB
19 %, 22126 MiB
16 %, 22126 MiB
0 %, 22185 MiB
0 %, 22180 MiB
0 %, 22156 MiB
0 %, 22131 MiB
0 %, 22134 MiB
0 %, 22134 MiB
1 %, 22133 MiB
0 %, 22153 MiB
0 %, 22149 MiB
2 %, 22152 MiB
6 %, 22218 MiB
0 %, 22192 MiB
1 %, 22135 MiB
0 %, 22135 MiB
0 %, 22135 MiB
0 %, 22135 MiB
0 %, 22148 MiB
0 %, 22140 MiB
0 %, 22132 MiB
0 %, 22136 MiB
1 %, 22136 MiB
0 %, 22136 MiB
0 %, 22136 MiB
0 %, 22135 MiB
0 %, 22131 MiB
0 %, 22131 MiB
1 %, 22135 MiB
0 %, 22135 MiB
0 %, 22162 MiB
