id,status,n_rows,headers
002bab8d-7a9c-48c4-8701-421fced8ecef,done,20,0
0060fa6b-cc57-44b9-b7ae-71a8da01cbae,done,20,0
006f92a9-5953-48d2-82cc-e0f57f44f641,done,20,0
00b227cc-cfab-4c98-9afd-72378b647fc3,done,20,0
010a0fe1-aca6-4df3-9a16-4fe77b596ac8,done,20,0
0121ae11-b044-4b6b-9373-830b4007798c,done,18,0
01b5b965-2bb2-4231-92ff-8b599e56b2ed,done,20,0
01d624c4-a98f-4749-9c9c-e880255d60e4,done,20,0
01fb4e49-b326-4b48-bbe6-208faec92573,done,20,0 1
02085c21-e6cc-4719-929f-1689eb8e61b5,done,20,0
0215c329-d412-4d0a-b773-543613cb24a7,done,20,0
026dec1e-664c-44dc-bdf0-adb01a015d3a,done,20,1
02757da3-5b6c-46eb-a023-9ecd48c598fb,done,20,0
02838430-a92a-4b6a-94f7-ebf82a81a277,done,20,0
02f01f58-f730-48e6-9923-3735f68a4e63,done,20,0
03246c51-bf71-4969-9b3a-80b466550b5f,done,20,0
0370329a-1853-4869-8e14-ec1fdfd3977f,done,20,0
03a66bc6-cae1-4205-b717-70eeb7352c3d,done,20,0
03c31a44-c27c-4800-b9b7-9b2a69ea726b,done,20,0
03d3ca5f-0b67-4dcf-bcaf-2ff2fef749b5,done,20,0
043ea88e-066a-4367-a2d1-97fc4c522d15,done,20,0
044f775f-5b9d-4d1d-b64f-4ec076c91bb9,done,20,0
04577aaf-f93d-4aae-8cef-f94fbdc35a4a,done,20,0
04b176a5-018b-4749-b66b-b87d8b5b15a8,done,20,0
0501542d-7f25-457d-b0a2-b823fb1424d4,done,20,0
05079a08-ab32-4dd5-999b-08e2bbe0cbca,done,18,0
0540768d-311b-4a5e-a0d5-64c6ddd4798d,done,20,0
05d0eb3e-60e0-41af-be37-eff73349db00,done,20,0
05f7a817-676f-423a-abe6-adcb750fdbbe,done,20,0
067124a2-ac9f-4872-8251-d0313987f85e,done,20,0
067effed-384b-41c7-bed2-a579732a6ee9,done,20,0
068710f7-cb94-494f-94ee-9dc560ad2551,done,20,0
06b1363f-970c-4ed0-b9d1-b04320b15eae,done,20,0
06f08db4-10b9-4b6b-be17-10cd438f417d,done,20,0
06fef49c-0545-4674-b692-5a3b142b55f3,done,7,0
074e8fb5-d559-410f-beb4-db1114bd57b3,done,20,0
076e4262-63a0-4b9a-b858-893b63086831,done,20,0
07e14a3b-21a5-4ce3-a4cd-4da4de291012,done,20,0
08091c60-7952-3598-84dc-d673d1fd09bb,done,20,1
0819af2e-7ca9-43f5-9c7d-4468d08f402a,done,2,0
08d37444-4b5f-49cc-9b0d-cc700ec6eee8,done,12,0
091a30d3-2f70-4e1a-a858-2b651939ca95,done,20,0
0aaf5365-ad3b-462e-a685-173055081ff8,done,20,0
0ab5d3bd-31db-4790-b471-d02fed59f84b,done,20,0
0b058742-eae4-4617-8225-bdeb9db20301,done,20,0
0b820a96-b8af-40a0-9374-ffb9004b9342,done,20,0
0bc76a4e-5a3a-3244-a916-8a2d71b1223d,done,20,1
0bf1911a-ac69-4f1e-8026-57aa285dc4ef,done,20,0
0c25ca18-5746-4e48-bb2e-214014e03dc5,done,18,0
0c362af0-d42c-449b-88e2-e0641908b2e7,done,20,0
0cd6ace9-b6f3-3682-a482-f4da2d999070,done,20,1
0cfa6795-c6ac-4ced-9dae-6af6b1dc1c41,done,20,0
0d0674b3-7a4c-423d-b81b-40ec98726dc6,done,20,0
0d0a0f14-ab86-41ff-b3d1-a996011b790b,done,6,0
0da16776-5a25-4045-806a-96724a453d56,done,20,0
0da249c8-acd0-4a51-948f-eb575d0cc641,done,20,8
0df91f58-7dbf-4e10-8b07-b43152b45b22,done,6,0
0e26d088-a601-4069-bec2-c63c13e74809,done,20,0
0e8f498d-016c-46fe-8d8f-87e055134288,done,20,0
0e953db0-f35b-42a5-90c8-9e3b428c7060,done,20,0
0e9949df-94a5-4a0a-b64a-35a710dba13c,done,20,0
0eec6e79-640d-4dad-baab-160827441257,done,20,0
0f03adcd-95af-4f27-a60d-86fa10a27150,done,20,0
0f2b0cb0-6725-4416-8621-13dfd6c3c0d6,done,20,0
0f347fa9-1ff7-49b6-9f1d-8ba7055775ce,done,20,0
0f7b1105-d257-478a-9db8-4e439eae9487,done,20,0
0ff65f1c-0e61-4192-8f44-b2d060742891,done,6,0
10008eaa-ad9e-499d-9c81-2a5730cd969b,done,20,0 1
100f0d87-946e-46b9-a144-cedf494e2f68,done,20,0
101b7ee4-762f-4346-be50-ce26e23d5687,done,15,0
1024cafb-99ea-4f99-ac01-fe6a8f05b3ff,done,20,0
102fb466-eaf2-3c29-bfdb-827f62cfa3d3,done,20,0
108fa672-d475-3e32-a971-925253d40384,done,20,1
10defc11-e65e-4eb9-93ca-3286e3033e6c,done,20,0
10f3d1bf-2840-46f2-8d55-a4a85bf82c18,done,20,0
11597b5b-405d-4523-8538-09559dff1455,done,20,0
1167af3f-997c-45eb-96c4-976931e5ddad,done,20,0
1169b7e7-f27e-40c8-9896-f3f65ffc119f,done,20,0
118b9117-a09a-4fc1-9aaa-a6d45a7d7fb3,done,20,0
11b926b3-4108-4015-8812-f5afcee0d72f,done,20,0
11f19aa8-0b20-4bd9-8fdb-c2763d805901,done,20,0
12575c20-425b-4482-ae1b-9738d7bc89a8,done,20,0
125dfcff-abc2-3259-8141-e5aa6961aa79,done,20,0
1295f737-67ab-4dc4-9a4b-e9d91cb0bf99,done,19,0
13bdfb5f-1222-418e-8ec0-ef30a10c80a0,done,20,0
13fb67a7-4cd8-4ae2-a84c-1169f5af6261,done,20,0
148684d2-aabe-4c12-b5a1-86381dcda468,done,20,0
1499c55a-a170-4776-8bf2-9ab3e90c5dd7,done,2,0
149bd53e-2535-4086-bec0-58bbf2c34e79,done,20,0
14c3e966-89bd-482b-9cdc-54a726acc01f,done,20,0
16d5f6a4-0a60-4d84-9d07-39a9c86c950c,done,20,0
174417ee-6bfd-41b9-b4b1-7de16e3f180a,done,20,0
1873b975-25fb-46c8-b428-5db608de00a7,done,7,0
1892f6ec-ad4f-4cfb-b4a7-a5d00ad1deef,done,20,0
18bcbb57-e044-4d42-9b32-ddf21a377930,done,20,0
18e86f09-7dac-3153-b491-254fb71b672f,done,20,1
1976f611-0dd1-4804-a98a-2cd8b8583321,done,20,0
1a4fe547-6aae-4940-a143-7ae38fcb00a3,done,20,0
1a61fae8-893e-4d2c-8240-0ec7fade6a44,done,7,0
1ab8455b-52bc-4177-9187-d1c2f9b4c198,done,20,0
1acaeac1-4a73-42c8-94cd-40faeda9a5ae,done,20,0
1af18d04-a54f-4e9e-b1dc-33972dfeb3ba,done,20,0
1bac8b88-c7db-32f4-8509-3fccd9545bea,done,20,0
1c12d55a-e51e-49c1-beef-f4fc4fb92c8c,done,20,0
1c2b93ed-f533-4ca9-b4c1-de8be7767605,done,20,0
1c5d25f2-7ae7-4641-839d-57d908e00793,done,20,0
1ca01f75-637b-4539-88b3-6b98bbd13c1d,done,20,0
1cafc21f-b23d-4075-9d12-231f9ce38b0f,done,20,0
1d49a68a-b1b4-4924-88a8-a50b507fdf3d,done,20,2
1db395c8-bfd0-473a-a82e-0a95f4a55bd6,done,20,0
1e37b26d-5923-46bb-b343-4b1f42919492,done,2,0
1e969e97-4126-4f54-a4fb-4c35696fe29a,done,20,0
1f1b146c-ee9c-4051-adda-7e5ac192d69b,done,15,0
1f34c575-0368-45d7-ab54-6532d532dd32,done,20,0
1f3cf1d6-3834-41ff-ada2-880b55d72ca6,done,20,0
1f3cf2f9-dc8d-4ef0-9c56-ae4d0cfd1690,done,20,0
1f50e514-1ce3-434a-96f2-455609c4add9,done,20,0
1f9db94c-9db9-4d80-8a9b-aef2e787e874,done,20,0
1fce98dd-3e5e-49bf-a1ad-f9541bdf1b19,done,20,0
1fec7c16-05d6-4464-9a8a-bff4fdb4f747,done,20,0
1ff7c552-e8e2-461f-b97c-58550a1bcf3d,done,20,0
202a5a9b-375a-4010-ab87-f8bf49e8ec28,done,20,0
202d031c-3d3b-4ae0-80f9-1afcd841a6cb,done,20,0
204f2f21-ad4e-4d2b-b1d7-6ebbbfc160e8,done,20,0
215e9e95-f145-465c-b82e-095147330144,done,20,0
21690275-09ac-4090-bc46-c86e2ccef81f,done,20,0
21c8318a-9bc5-458f-b5b5-02509c142fdd,done,20,0
21fc6b7d-46c7-4b87-9376-c17538e0979a,done,20,0
220ecbb5-da30-385b-b875-1c84fc821cec,done,20,1
22216931-926d-4685-9a2a-23490108eb0a,done,20,0
226d5df5-767b-4768-a4c9-fdac881923f8,done,20,0
22b1ab64-7249-462c-8c3b-c97b80b2931e,done,20,0
2382a461-42a0-4b4e-b63f-0edd6faca055,done,20,0
23830bee-c496-4a18-8e43-dfa49e176eae,done,15,0
2398e8d5-5f09-48f5-8bba-a7a3646095cc,done,20,0
23dc7f55-e8de-45cb-a7dd-06eb0eb4c84b,done,20,0
242b7695-f4b3-4232-b89e-c0e0086c0dfc,done,20,0
2464adae-7de4-4e1f-b645-757244a3206c,done,20,0
247a3130-9f86-40c8-ad8f-db96ba25dec0,done,20,0
24a56ca0-5273-4089-95d4-f675fab9388c,done,20,0
24b4c20a-3d07-4620-af3e-b0c11b76cf06,done,20,0
24f32cb8-fc22-4033-bb3b-1a1e984c9df4,done,20,0
254bd825-b7ad-4adf-813c-f4555713b8c5,done,20,0
257269e3-2644-426e-aaa0-e93e95e280ca,done,20,0
26326e74-6e24-4c74-9682-7a7c41c8f7ba,done,20,0
26841e55-ddd9-40b8-8f87-34c00b4aedb0,done,6,0
26aceabd-13c3-4fc4-b567-535115716dcf,done,20,0
277fac94-3a8c-473e-a6fb-92dee7528fb0,done,20,0
285d2e64-d3c4-41e8-a7dd-83486f474579,done,16,0
28859062-bb3f-4bd6-bf86-dc1dc5346985,done,15,0
28882982-66eb-440a-acb9-1a9412460da2,done,20,0
28d081e4-8b5e-4ec0-ba55-926c9a96f2c8,done,20,0
29257b3c-4134-4a09-819d-753504114e2e,done,20,0
292687ff-804c-4f3a-b6d2-b9068fbcbbff,done,20,0
29368a9b-12d3-42f0-b40b-7eebd4ce3682,done,20,0 1
293f56ce-c466-4a10-8c98-8dac04745bd5,done,20,0
2954d508-44c0-48b0-aee6-0193b990af8b,done,20,0
2982062f-fece-412a-8eef-a06e7803c2cd,done,20,0
29cf32db-f6fa-48a9-a37d-59c0bd5f2b83,done,20,0
2a1b1efe-7429-46e1-a585-eafab74b5e96,done,20,0
2a3bed74-0809-4059-9661-4f63f9e73c82,done,5,0
2b5e9412-04b4-45cb-9713-7b880fad7c04,done,2,0
2b7082f2-63aa-4a7b-b8a1-76f290c7fce6,done,20,0
2bfd80de-03bb-420d-adbb-91bc4c85f2ad,done,2,0
2c197f1a-0963-4f07-b45a-53f91953ec3d,done,20,0
2c55afe2-fce4-4a54-bfd9-463e6f3afb6e,done,20,0
2d065765-5cf4-4527-b872-c4f91aed4677,done,20,0
2d6b96a5-19d4-4427-986f-514a7b5b6238,done,20,0
2dc0fddc-b1a7-45ed-abad-911b7a20428b,done,20,0
2ddb43bf-7511-401f-92c9-a2e9f868b3ef,done,20,0
2eb24f06-c3b5-4fbb-a812-a568f34b772b,done,20,0
2f134f17-efae-46b1-bf0e-157677f371a3,done,20,0
2f13c7d1-3640-429e-b432-62ce971b0128,done,3,0
2f951b30-07ae-441b-a298-dfbf4c588406,done,20,0
2ffcd499-ea77-48e6-b66b-86e27f055d24,done,20,0
30156518-3ff2-4c90-9185-a5aaa522a422,done,20,0
301befef-a831-42bb-9963-478c316270de,done,20,0
31170442-cb29-418d-a04e-193b8135d2bb,done,6,0
31db1fc4-afcf-4b78-a0c5-5e70e354c65e,done,20,0
31ff97f8-fd5f-45e3-9bce-fc6c126c3140,done,20,0
328a7d7a-3f50-4c79-9d90-009d4cd20fca,done,20,0
32aee3fe-ca56-4237-8e31-4e332cd40555,done,20,0
32bf6202-30a8-4a24-b02f-b1347ffd4db9,done,20,0
32cfc3a5-5676-48b4-81f5-d3688d4ee0fe,done,20,0
330f8559-ab0c-4f35-8d5d-52d22a7c5008,done,20,0
335ef190-c831-45d8-9853-8bcc46927ffa,done,20,0
33fd7336-c41f-48f6-8ba4-ea4c9e701e05,done,6,0
34312289-3528-4321-8946-5b598ed4b808,done,20,0
34357b7b-760b-4ec4-8093-a9465bac8c0b,done,20,0
3481b025-bc53-4b2b-8019-c6b0c64369e2,done,20,0
348aa401-2b08-4894-a9f8-a4c8e41367f1,done,20,0
34ae9d6c-cb3e-4725-a260-1187de7b7481,done,20,0
34f5c407-389d-4413-8286-8c5c109713cf,done,20,0
35514336-56f9-44e8-8a05-68be43e4a68f,done,20,0
356c4d79-33b9-436e-96f2-1fd7f4bb643d,done,20,0
36086164-5d94-4bee-9850-9f579a6a3b8c,done,20,0
361469d3-48ed-45d6-8409-e4ca2181a42f,done,20,0
36d8cde7-e563-4781-9ceb-e00f3c081474,done,20,0
3760baf7-65b1-44d9-82c4-e1160994c525,done,18,0
3793178b-f853-4a47-a178-33d6b3cf6f4a,done,19,0
37a29a67-5efd-41bb-8e95-dc300c4db369,done,20,0
386bd237-bb41-4576-b6b2-f1de9b8f0f51,done,13,0
386f7402-ffb3-4263-a226-18d6b19dc50b,done,20,0
38727ca7-1434-4ed9-b92c-06178e75a692,done,20,0
38919b73-56a7-447e-8858-25a8221c3506,done,20,0
389dae20-626b-4b71-9b05-7548d3e32757,done,20,0
38e78072-ff6b-4f9e-9fba-e51f8e8b9eae,done,20,0
39054e66-581e-4247-8c66-7d3ceeaf7ae1,done,16,0
39ac2067-86cc-47c3-a597-c89897632a1c,done,20,0
3a02d455-33ad-4136-a242-8ba7796617ef,done,20,0
3a08c0c5-44d7-48a3-9989-36c6d652fa26,done,20,7
3a398a62-959e-4576-98b1-7da776bc8f10,done,20,0
3a4f0013-4869-487f-8888-ae0776eb2175,done,20,0
3a520410-f045-414c-8c0e-52c5ac5b843b,done,20,5
3a7dd5f8-45be-42b4-a895-d7450778b48d,done,19,0
3a996c27-c8ee-4ae5-ba4d-4e8fe0e9a6e0,done,20,0
3a9b1eda-7ea0-45d1-9da4-7244e6e7d15f,done,5,0
3ac25789-5dac-4206-842b-b018ce8f9496,done,19,0
3c162e63-0701-4e22-b9d0-458bfc1d25dc,done,20,0
3c376f79-f389-4dcf-9cce-c4ff3aa4b26b,done,20,0
3c5d875f-0347-3f76-a733-863de366cdaf,done,20,1
3c863cf2-b1f0-481f-bbc5-26350733d99b,done,20,0
3caa2cae-f3fd-4975-aad2-d86d7668db1a,done,20,0
3cacf794-9181-4aac-92db-07b0059b2968,done,20,0
3d5989b4-4eda-414f-88ff-b82dcf8fb5e9,done,17,0
3db081d1-3472-491d-9e56-11b35b4aa4d9,done,20,0
3dfe2c05-61bc-4237-b5d8-ec45cc8a095f,done,20,0
3e51bc1b-9521-412a-8fdc-d4a264bdff02,done,20,0
3f35794d-bd52-44e0-9368-48764b8bf076,done,6,0
3f3a9648-35ed-4275-8b16-225bc7b15dc7,done,20,0
3f63c4c5-750d-4aef-9810-ee595d734150,done,20,0
3f96df3f-84ef-401f-8158-a89e56367279,done,20,0
40bb0a4f-642a-45ec-ada6-53de85cecf5b,done,5,0
40e6e0c2-c339-3338-8a3c-050491ea8ed5,done,20,0
41714328-c4d4-472e-9ef8-d4d9dd18fd7c,done,20,0
419c64e7-1d0d-40bb-9b94-18bfe5ada6ca,done,20,0
41a3e361-aa1c-4776-82cc-ae221adf8d55,done,20,8
42f396e5-9669-4c30-841b-f4efa045c780,done,20,0
43864d79-d380-4f85-8772-657710cc9838,done,20,0
43c9703c-ca58-4cb6-a71e-615e7882e33f,done,20,0
43cf1019-918d-4e4a-9ad6-de78cf320986,done,20,0
4426ef30-bab8-4bee-993d-7fe4df4b1123,done,20,0
447c7102-011e-4ab9-be4d-f72799d7fb55,done,14,0
44bfc9c6-96b4-4a4e-acd9-b1ea701047d0,done,20,0
44c6a898-ed03-4f04-a424-a4075ed25951,done,20,0
44f90475-6c98-4897-b1da-1d18d7b64f26,done,20,0
451d3a4f-29f2-49ed-b78b-93e54c25af25,done,20,0
45242513-38fc-4173-8419-33171d0fd171,done,20,0
4525ac02-e283-4574-b34e-43d90210c179,done,20,0
4537b98b-8209-4d4b-ba93-ac3c3e4a731d,done,20,0
45624a0a-24e4-4d4c-bd7c-81efba5d4e28,done,20,0
465f3545-6fda-4b9a-8031-2167845bc5da,done,20,0
46949515-802f-4276-846d-2394fe275154,done,6,0
46d5fe92-1476-480c-99bb-efc0fc679871,done,20,0
47557315-aeaf-4046-8f25-664ae364d11f,done,20,0
47e8f601-ff0d-4c4d-8050-a0852cb3f5d7,done,20,0
4897f57b-64ae-413a-9eab-d3fa7005d635,done,20,0 1
489a2ede-e513-45d9-9695-a74f982b370b,done,20,0
48b5b82f-ef5a-41dd-8611-61c9f961c5db,done,1,0
48d05643-d23b-44dd-8e93-c15aaa5c19c9,done,20,0
48f46637-4a4f-4ffd-9cef-1f11f5ea8589,done,20,0
4944bc41-cada-4e2e-951b-480721655a9b,done,20,0
49a56304-2667-4f5b-ad2b-11c8674bde83,done,20,0
49dcafd9-ff7a-45d0-a6e2-fc353d565387,done,18,0
4a6c8518-3cf3-4270-b130-b75485cb8e95,done,20,0
4a8c086a-afaa-4ecf-a508-4407f663cb63,done,7,0
4ae20a7f-e8ef-4c1a-bb54-269cf47d8cd5,done,18,0
4b1cbc65-c372-4df4-89c9-8f1d307db8ce,done,20,0
4b54b960-957d-4a6d-b281-a350d6c0fe33,done,20,0
4b5d379e-3b17-4f15-9239-0d7e9dc5e4b2,done,20,0
4b6d66a9-81fb-4b28-9879-d6e34a5b48bc,done,20,0
4cd26d8e-30bc-47f0-a495-be0997d31c62,done,20,1
4d2145ac-e847-4c2a-b798-d613f510fead,done,20,0
4d315919-58fa-42f3-91b4-a2abf5e41b00,done,6,0
4d933f8c-cd31-44ab-8d4a-1be9f359f1ce,done,20,0
4de719fd-1677-4b8c-bc59-926d3a7eed2e,done,20,0
4e5628be-c60a-4d68-8615-286379a62f94,done,20,0
4eb72fa9-6951-41c4-8062-bc468e245ecb,done,20,0
4ecd0e7f-f51f-4a74-80e3-66b874d9e1ab,done,20,0
4f393cca-0706-420e-ac0c-c2f4d7ed1009,done,20,0
4f651919-f8b4-4ebb-a459-5e8853408fce,done,20,0
4f91bb1b-997a-4381-9677-c7ed94b1fa58,done,20,0
4f93b063-66c6-48a4-b2d7-bdd21e3ad88f,done,20,0
4fb1f47a-2aa7-4f04-9657-ba230bbb7514,done,20,0
5022b975-2324-4f46-b325-76d860f5353b,done,12,0
5048a034-6b42-41b1-8e2e-c555dac809f5,done,20,0
50dd0f3f-6551-42fc-9357-f0280dbdb6b8,done,20,0
510a726d-9e56-4108-8f53-614cd728fa20,done,20,0
510cf646-67ed-4c74-a3a4-dc2fbb5e748b,done,20,0
516fc0ab-3fa5-4e83-9160-06cc81d9fdfc,done,19,0
5180ea71-6ba5-4c40-afac-a4700e4eed0c,done,6,0
51da1133-da84-428c-b099-822e82dd89a4,done,20,0
51e98b20-e876-49cd-84b9-6006552693c7,done,20,0
522f8ce9-a579-4e2b-b3bd-cfc96dbfe5b1,done,20,0
52444543-c72d-4f86-a0b8-31a0454675c6,done,6,0
53ed9b05-1942-4cd2-b073-f492280b7957,done,20,0
54044359-ab78-4530-896b-1ccc47344e0f,done,20,0
54157a6b-1015-45e6-b24f-49589342ea4d,done,20,0
542bfac0-689f-4bf6-bc89-84afdb3d1a1b,done,20,0
543634a7-2e2f-4eb5-b1a7-12004abf25cf,done,20,0
544e4e6a-6837-4681-9c55-97c2f550bfd4,done,20,0
551882af-6631-448b-9894-d2933b1609b4,done,20,0
55693b52-c443-4059-968c-c41c8d2b70fc,done,20,0
55fa6f4f-45bb-4fec-b0d2-2a999fea8079,done,20,0
55fc1b14-992b-4eb7-a15c-67c74a07d30f,done,20,0
564ae758-f0c6-4dae-b215-24cf76cd3132,done,20,0
565637e1-c9e9-440d-92e2-4d0777eca241,done,18,0
568b02db-e1a6-4016-ab17-8b63465723e0,done,20,0
56b49255-0ba3-4455-9860-451e2eeae9db,done,20,5
56e04b9b-a3f3-45f5-ade9-87b41e6bf79b,done,20,8
581957c9-c7b6-4ba0-8bf7-f35971871e44,done,20,0
584bc733-e458-4fe7-a93e-84df110332a3,done,20,0
586d267d-be1e-4062-b3e5-f85fc504d50b,done,20,0
589556ba-2802-4dd7-969f-487869f7ccb7,done,20,0
58c0708b-9355-46dc-ab93-67553a3e3dd0,done,20,0
58ca1b6f-86db-467b-9933-f0456b8c666c,done,20,0
591c0e4d-c5ff-4c67-9eec-691e1e316b18,done,20,0
5925c784-81c8-4037-a088-d747ba826a7b,done,20,0
59359282-57a6-42a7-9058-b6d9fc2d7f61,done,20,0
593ed474-9b4e-4e2f-b62a-ba8ad987b535,done,20,0
594c224b-70b5-4513-b232-f2416ecc923a,done,20,0
597f8e15-0bb2-49f4-893e-9986d337f813,done,20,0
59c32330-247a-4240-a576-63cb3d9785c1,done,20,0
59c9f430-6447-453f-84f4-32e1743a0e73,done,18,0
59da6adf-3a06-495a-918c-98e776735313,done,18,0
5a612bf5-415b-452b-9ded-7937f624b278,done,20,0
5ac5f165-adb3-41cb-900e-fda71d48c020,done,20,0
5acc3799-2868-4c2c-bb08-c53fc352aa0d,done,20,0
5b388988-43e5-3a14-9b38-b97cd0c19b01,done,20,1
5b4b6b47-d17b-4d90-8ef3-90d6b6a84b1f,done,20,0
5b61d03f-d91f-4401-9eaa-00f648aafd57,done,20,0
5b7bb457-05b6-43e1-a516-d6dd241f5680,done,20,0
5bc80f6d-9e90-4e7e-b8e0-a02784ff2b3a,done,20,0
5bd141df-dc7b-4ce6-bcfd-4a29079a4fce,done,20,0
5c11a9fb-4381-413f-893c-e3dfb116d836,done,20,0
5c4418ef-4e79-4482-86f9-a8a77e6e3580,done,20,0
5c496a1e-94d1-4eb5-887c-ce29a592f7d1,done,18,0
5c5af7bf-59a7-44f0-b1f1-2d835f11b38a,done,20,0
5cde0f57-81ee-47b5-b778-cd65b71d7347,done,20,8
5d4008e1-5986-47af-bbb6-7d64ec7c79f7,done,6,0
5d67f67f-8ba9-4664-987f-ca8826e80106,done,9,0
5dddd508-3ef1-3167-9411-4234a64bedca,done,20,1
5df45025-b709-4087-9512-40760643eb21,done,20,0
5e6121db-4248-475b-8d80-57addf8813fd,done,20,0
5e65f710-a10d-4a4d-9f2e-0c5c796a3df3,done,20,0
5e6f8aba-9fbc-451f-9d1a-eae95c56c6a4,done,20,0
5e9a7bcf-14c4-435c-90fc-7f3875d3460e,done,20,0
5ea9230b-fbe6-497b-8062-e945a6593fdf,done,20,0
5eab05c3-f197-42b9-9f41-9733b6b572c8,done,20,0
5ecd7366-1bef-4384-81c5-46fb4471d878,done,20,0
5f00bbb1-ad6b-4602-8656-ec88cfc46ab6,done,2,0
5f6e553e-56de-4ee2-93e6-3a7d11bef71d,done,20,0
5f74758f-f110-462b-bc9c-700f2b786609,done,20,0
5fa0b7c3-53fd-4982-8fcc-50bd8e6aecb0,done,20,0
5ffa43a9-82ea-4aa6-b2d2-7f09a2c200b7,done,18,0
605b8a54-05b0-4c18-90f2-3269abc5a076,done,20,0
606e9b32-c241-4a90-b01c-299247c3b8e5,done,20,0 1
60739c57-a2fc-451a-854b-3f5238f09533,done,20,0
6193ebc4-7a96-4a38-a666-efa3d8715187,done,20,0
61955544-cb5b-433f-aeef-4a079e82e20a,done,20,0
61c140df-83a1-4179-8cc7-fec80f6e6aec,done,5,0
61ce0d9c-c49d-4de9-8192-16facc2333ed,done,20,0
61d3c7a3-8cd4-4be1-9c03-c6e17e99a96c,done,20,0
61fb5387-4daa-472a-adad-40285997d516,done,7,0
6221a764-134c-4094-8d84-c51024530565,done,5,0
62324acd-b35d-4577-a54d-d1ea7ab32cd7,done,9,0
627ef0c5-bea8-4fc8-86d3-5b2c554f395a,done,20,0
6281c46e-f597-4bbd-be60-fe80572a2419,done,20,0
628fdd13-7c09-4d01-858f-1251bb1331c8,done,20,0
62a967dc-f2d6-47a6-b3bc-11b6a6630e37,done,18,0
630c184c-93e0-428c-84c2-b1800007df24,done,18,0
63724554-de8b-4735-a030-9f85a0b20159,done,20,0
63d6a134-29c7-4c0b-8423-d016dfdfa3ae,done,20,0
6405f971-e189-434c-8a5b-5d08a94089bd,done,15,0
6454dc78-b4f0-4540-8945-e5bdbcc8eabf,done,20,0
64c32921-518f-4dda-9152-17bc404cbed2,done,18,0
64d6cfb2-754f-4bc1-9d86-456c7d870796,done,20,0
6513dead-7a8c-4bbf-abe3-3266962fe07c,done,20,0
65192b47-9b5f-4fb1-af55-b6308fdf7620,done,2,0
651cb6a1-46c2-40de-a2bd-2cb1f6a84769,done,15,0
6569fa59-0c76-4dc8-b49b-c1c39eadf1af,done,20,0
65b73efb-57e4-417f-9338-5495bcf3ca4f,done,18,0
65c648b3-f6f3-4f7d-ad55-5607458886dd,done,20,0
65c7de65-8017-46c9-99c0-72b1abcd0d18,done,20,0
65dd3af0-0e35-31b8-be88-bdaa7e0aa546,done,20,1
66022dc1-970e-4a6e-b013-34aefdfdb67f,done,20,0
660dfb8b-d16c-4ef7-bf88-190e92a8fc9f,done,20,0
6656e5d2-4da3-4ad7-8b43-b889167b30c1,done,5,0
669b4eb7-8750-40fd-af30-44941431458e,done,9,0
66a3c9f9-c7ae-40c9-b06b-11bbeb8b45e1,done,20,0
6700eb49-0726-4099-a871-3420f467d204,done,6,0
67032763-e2bc-44f4-8e20-d65a3e05f4a5,done,6,0
67873cd7-9219-44cf-b50d-82efa40ac3fa,done,6,0
67d4eb1c-26eb-43b1-acae-77fca0767091,done,20,0
6830e6b9-f8f5-4aeb-8af2-588f1d31c4c5,done,20,0
6856e796-8130-4d6d-a3ec-b2c11e3984b5,done,20,0
6882bdeb-88c2-4798-8a9a-4b5eb062fe36,done,20,0
6898ac19-3b58-4f6d-a028-af7af36082fd,done,20,0
68e82355-28ab-4049-8f31-31b29cae4339,done,5,0
68fe06ed-a31c-4276-8b0b-49fd8a7b202f,done,2,0
69582951-9d40-4fd8-8829-1e541828f2d6,done,20,0
695f338c-8c0c-4642-968c-e4445e83427e,done,20,0
69768fcd-0220-44bd-9a2c-ead9fb034b8e,done,2,0
697eba6c-6c96-409b-b612-908ec44953ec,done,20,0
6985b111-84d9-4c1e-83e7-65771955280d,done,20,0
699db6f2-6d6f-4447-ad2d-6205d5733640,done,20,0
69b821a8-5a02-40e8-a20d-70a1b61d333a,done,6,0
6a8f8e66-596d-44de-a939-14426a762597,done,4,0
6aac3a25-9f2c-460a-9239-277a744deab2,done,20,5
6ab97daf-0f75-4f30-90be-275a830bf7c9,done,2,0
6ad695aa-85ea-4454-b15d-0962791f10e9,done,20,0
6b0cae68-481f-4416-acb4-4fa9e656feab,done,20,0
6b5fd92c-68e2-40a4-ad8c-c3ae644002e5,done,20,0
6c2d4e6f-65cd-4c96-ad3b-3532330cf396,done,17,0
6c2fc0d6-d6a9-4c4a-843d-4e58099e8784,done,20,0
6c402608-ce71-4810-bec8-c512ec9056a8,done,20,0
6c4771b8-aa6f-4034-9115-4d43dcfea81f,done,20,0
6cd17f17-7a4b-437a-b326-750c39f902d5,done,20,0
6ce1e90c-9dee-4ceb-b17d-b620050b3fa5,done,20,0
6d56467c-a9db-4e0f-956e-49646909eca3,done,13,0
6d7a865d-b66c-4b81-b37b-e5604646be63,done,20,0
6d98e9f6-7de7-4629-987d-ca80383d4521,done,16,0
6d996df2-f1ad-4f74-83b2-eee0112eeba0,done,2,0
6d9bc896-5b84-4143-b5fe-5ebd1f8e5be4,done,20,0
6dc9e177-0905-438c-98bb-992bb5d3a135,done,5,0
6e0a7c05-8324-4638-9d2f-c676bc69d1cc,done,20,0
6e312dc2-72b5-44e9-b41e-f623f80a27b0,done,20,0
6e53274a-245c-47f7-aaea-069dbb31c9b1,done,20,0
6f1c6a4c-9878-4bec-bc57-780b689d0a64,done,20,0
6f360b2d-6fef-48e3-8481-62dc2a6beee8,done,20,0
704bc0c5-2dc0-479a-9254-7b52b650ada2,done,20,0
705697d9-a808-4c7c-9ce9-858c75b82c8f,done,20,0
715245b2-d025-4a46-aed2-b3d02dad9f99,done,20,0
71882463-6312-40ca-8880-8ce24dced59f,done,11,0
71fc48ea-48a2-3dad-90d7-58b0a61dc6f8,done,20,1
7202ee3a-3a94-43c1-a3fd-1bfdcfb3ef63,done,20,0
721fdde8-83f1-45c9-bc08-25228622f788,done,20,0
722aa828-a527-4915-ac4f-a2fbfb14ef96,done,20,8
729795c5-28a1-471e-88ea-0053641ebe56,done,20,0
72c35af2-db24-4bf6-90d2-6adcdbc4bd32,done,20,0
72ca0487-b9bd-4031-9dc5-3968b4d6534f,done,20,0
72ef24ae-0883-4c17-9dc4-4191b691df89,done,20,0
733249e4-a959-4f05-bb8c-b101262fabbf,done,20,0
7336d6ec-828a-4f95-a28d-72e36c8a91d4,done,13,0
73aedb07-f792-3882-beb2-68a5dfd31f00,done,20,0
73d52eb8-4fa8-46c1-aa71-1b02a10028ca,done,20,0
74a87572-fe9a-4dd5-8c29-eb25dd0861bd,done,20,0
74e4e41d-25eb-4512-8e16-e7d36081a738,done,20,0
75006b0f-e17a-4f83-99ae-a3b2dad4df87,done,20,0
7526c50a-177f-47a7-8362-c7a0b35abcc7,done,20,0
75994293-7cda-41c6-9de5-7dc81fe2a59b,done,20,0
75ee140a-ed14-4a8d-8a39-52ca5fc12a42,done,20,0
761b7e19-82eb-4e2e-82c5-36212c8b5efd,done,20,0
7624a97c-8323-41f2-b03a-4549ac29067a,done,20,0
762581e0-ef9f-4fc0-a550-863ff7b4dcce,done,20,0
762f871a-d01c-4dbe-9f9a-07b340f48434,done,20,0
768d2ee7-c828-48a6-962d-f90c71273aca,done,20,0
7728ec9f-7922-4e8e-81d0-821053e86504,done,20,0
77586877-08fd-464b-ad0e-0249cc9b1394,done,20,0
776c8013-1c25-43a7-a568-01061f1aaf3d,done,20,0
77a1c78c-a9d8-40c1-91c7-8e651e9c2dca,done,20,0
7808387a-c050-478d-a183-56dcb9f157e5,done,20,0
782f3986-5690-4f83-85b2-0d8fa78f18e7,done,20,0
786ea5bb-c587-4319-8080-3bc4eeb1c4c5,done,20,0
789fb017-5224-4daa-a3e5-b2d64046be8d,done,20,0
78a8f12e-954d-456e-9d2e-8923fda8fe03,done,20,0
78ad24c1-9625-4289-a117-69a2903db126,done,20,0
7943b73a-a544-4334-8818-fab8b2316992,done,20,0
797a8fac-c9bd-41df-9e3c-92490a7740ed,done,20,0
79f349c4-b896-4301-9119-cb8dadd1b00c,done,20,0
7a4c3b2c-0d8b-4136-a310-33f3db39be1d,done,20,0
7a66ae4b-782c-498b-a1e7-688723f40b4c,done,20,0
7a786073-8162-4d48-b912-37cd2b5664c5,done,20,0
7aba965f-cda5-44ca-87f5-93f1044625e5,done,6,0
7b3775a1-a1a6-4f41-8e2c-c1a07f023431,done,6,0
7b98f0bf-67bd-49d1-b711-73e0877cd534,done,20,0
7babdabf-b3e4-4025-82dd-59e289912f63,done,20,0
7bb86042-33c3-4d97-8671-137841864a75,done,20,0
7bf914a2-a67f-4d7a-8104-d20c3e512e7e,done,20,0
7c0fb9c2-050f-4e19-b13a-254f9335f04c,done,20,0
7c1f3cfb-7859-4b7a-843c-8d7c9edf3bde,done,20,0
7c6fafc4-64c2-48ef-9f4f-1fbcd651dbb3,done,20,0
7ca1f399-5388-4cc6-87a2-a0a5c18a9510,done,20,0
7cb7359a-a5c2-4850-ad6d-c3e8b0caf724,done,6,0
7cf5f82a-fb6f-4e73-bd7f-ec03520ff9dc,done,20,0
7d1f6a17-6b80-4ce4-9cd2-9d81b37ba959,done,20,0
7d319382-ca65-47c2-8fcc-bdc8553eb34d,done,20,0
7da7693c-39a7-40fe-b2cd-c135e150f21e,done,20,0
7dadf601-0c68-4cea-bb5e-63ccf9ace224,done,20,0
7e3eeec3-d1cf-4070-86ec-8f3dfd402709,done,2,0
7e504679-cfa6-4a8f-9cde-1950d91c3786,done,19,0
7e52c861-d587-4454-996a-b5fcb3ee7545,done,20,0
7edd39b1-0e66-484d-896a-062ce80539eb,done,20,0
7ef2da64-a099-4c9e-b6c4-3243dad4b7a1,done,20,0
7f0f13f9-9808-43c2-bf85-586d3b8b64c1,done,20,0
7f30f5f8-95ce-4574-9024-65d464f5dbbc,done,19,0
7f5f9902-6db9-435c-9b90-bddfccd16c19,done,20,0
7fc8c6b5-c9c7-47c2-9fbb-88881846885e,done,20,0
7fd2c31b-0360-415d-a2e8-4b556f33a49a,done,20,0
7ffd16f6-fe11-4c39-999e-9ddfbd33d91d,done,18,0
8056768c-079a-4bc7-9eea-b445dc39d2e7,done,20,0
8088ad7d-6116-4025-bfb4-47e65a85311f,done,20,0
819cbc40-566e-4547-9726-a69c63bacc7f,done,20,0
81c7ee43-5a10-4d16-869c-d892e6b1a2bc,done,20,0
81f75f4c-1bd4-4d12-a89b-dc84e2805925,done,20,0
821d6d10-d03b-43f3-8c49-5cb2a103ff1b,done,20,0
82346427-1f07-46c7-848e-beb18fed3f2e,done,2,0
8250cf05-9798-4036-baba-14fe8482dfc6,done,5,0
82839277-18e1-497e-865c-a33afe70af95,done,20,0
829f2aed-5eb8-4703-862e-620fb69ba997,done,20,0
83451900-41e3-47db-8c6c-f2e2da961f91,done,19,0
834fb7d8-6f29-4026-bf17-e3266dccdb3e,done,20,0
8373b2df-aaa2-405a-bb79-4d29b83d7c74,done,20,0
837a3dd3-fc36-4b5b-b56a-71dc8bd1138e,done,2,0
838053f8-5d85-4d10-b92c-2ee72247b65b,done,20,0
840777bc-f8d1-42be-99d0-20517c5bf203,done,20,0
8425afb1-9daa-40a0-b405-3a6c3f5721e5,done,20,0
844589c8-7a19-438c-a4e8-64ace9212ae5,done,18,0
84cbe7b9-7ca1-48f5-9bec-c8db224a9f98,done,2,0
84e93026-4f5e-4602-a8b6-1a73f78222cf,done,20,0
8509b3b0-92af-438e-9f68-e674b04ff8e8,done,20,0
852e97cf-935b-422c-b728-e40cb0e26e39,done,20,0
85304629-f019-4357-8c8a-029d53d05526,done,20,0
8542a88d-04e0-49c8-ae40-d520a8a85df7,done,20,0
85f7561a-8329-4aff-ba40-acdb9d4efc3e,done,20,0
861432b2-4fe0-4290-97a6-fbe60c38649b,done,20,0
862f7464-b273-47bc-9427-28f5826e7e8c,done,20,0
8672d0b8-b3ec-4aef-b6cf-f7ad2ab343f9,done,20,0
8685b22c-73ef-4298-b30f-772470473561,done,20,0
870dd590-7423-4554-8966-0d201ec6fbe7,done,20,0
876ef549-247e-4b74-9e6f-3e9645c98ba6,done,20,0
8893c652-2fce-41e7-9857-d755321cd66f,done,20,0
88a570d6-9623-4666-87bd-874f5b8a3ae2,done,17,0
88bf4c80-2df8-4eac-a064-47fe42da8a82,done,20,0
88d2c2d3-7ec7-432d-ad8c-c52849245b76,done,20,0
88e34a66-eebe-43a5-9d30-bd02a5b6ba48,done,20,0
89015ed8-2a2a-432b-8ad5-c8d99574a805,done,20,0
89223b5d-c6c4-401a-86ad-bbca90ef2599,done,20,0
89da7dc0-10fc-418d-b31d-6bbf49aa8e68,done,20,0
89f6e1c8-5088-4fdf-9276-edddb0f7786e,done,20,0
8a8fc0e7-5b48-406d-8458-601101c0921d,done,6,0
8ae1b10a-79ad-4e58-84b4-a25313719ad6,done,20,0
8c2a869a-8b1e-4bc2-aa99-8c40b0f04674,done,20,0
8c4e01d8-9918-44c6-bb49-a727e425c253,done,20,0
8c5bafeb-a9fe-4980-93f5-5b4cb9d66d5e,done,2,0
8cbdf1f5-6aa1-4038-bd7b-d9afc8966189,done,20,0
8ce387c3-7e10-4e80-99e1-51ad1ca8e539,done,20,0
8d4e30bd-cb28-4e13-92cd-23a0a6be6ae4,done,20,0
8d536562-b201-4a26-9e87-ba8ddc342069,done,20,0
8d58a09c-bf47-4fd0-853a-d5116d9cf6a7,done,20,0
8d7be233-deee-47e4-9f60-13f04eae2697,done,18,0
8d8019ca-f1f0-4e01-9c08-d9ce8df74449,done,20,0
8dc6cd72-2b13-410c-bd71-8afec9511f98,done,20,0
8df7dc0a-122c-4aa0-b171-8c4ff3a623f9,done,20,0
8e1d84c2-8c64-49d8-811a-822f8b5521af,done,20,0
8e310ef8-9b4a-4968-b123-526d16f4f053,done,7,0
8e5e5448-6520-46fb-b50b-e736dc92b5a8,done,16,0
8e8924a1-f2dd-48b8-8375-b6118ba705eb,done,20,0
8eb5dce7-0044-46ae-8736-aed79cb972b8,done,20,0
8f0c61ea-52ba-44e1-ae43-7cf64c6055ad,done,20,0
8f184553-12e9-4553-9d7c-2529930b6483,done,20,0
8f35a975-f1b2-4c15-bdbf-89d13c538c12,done,20,0
8f693969-e4bd-4e66-a578-f089df9edd35,done,20,0
9073b8c8-b1df-4390-9493-b535a209248b,done,20,0
90baa17e-b801-44f2-a59a-c3b99a50b69f,done,20,0
90f39864-899d-40e0-915c-dff5733f2405,done,20,0
9187bf58-39a7-4086-b50d-0165f638943a,done,20,0
91ea6e49-3a25-40e1-af37-69ac59d98cd3,done,20,0
91f2caee-d130-497f-97d6-7671c234f53c,done,20,0
9244d06c-7846-42b7-936f-64601c7922ab,done,20,0
92601c47-96b9-45fc-b7c7-c3be8e9ef74a,done,20,0
92e8ae99-8db4-443a-8f2a-669032217b64,done,20,0 1
92ebb9a5-97af-40bd-9655-4363bc47c6b9,done,20,0
932168f6-2bd5-4cb8-bab6-855874f7e4bb,done,20,0
93987f8d-c9c8-494b-98d1-81d2b868ead9,done,20,0 1
948fd9d2-6c06-43be-b05d-2900889512a0,done,15,0
9494d297-3707-46f6-a9c4-98032cf8839e,done,20,0
9497fb22-9611-42e9-b1e8-10359960fe6f,done,20,0
94cb8791-b9b7-42ee-b212-15a87b44b70c,done,20,0
94eaab79-b651-453c-8cf5-abc615a7db5d,done,20,0
94fe842f-aa6a-375c-9c1f-3cc6be8d681c,done,20,0
9543764a-5eb1-4af6-b4b9-8ada32babc72,done,20,0
959f9c63-b47b-48af-831a-59bffad7b96a,done,20,0
96215de1-e8a2-4d06-b679-211617fd9eb4,done,20,0
97285739-a2a9-4bda-af4c-1a65d04c4c73,done,20,0
97bf2ff6-d0cf-4164-9188-2925467186f1,done,20,0
9830ffbc-1397-40fc-ac92-196b004cec57,done,20,0
9866734f-8762-44e1-9f72-43e6be20f8fa,done,20,0
98c6ef9f-351f-4c38-b457-00f4996313ce,done,7,0
990f098b-8dc1-40de-90c2-b1536dce6b0d,done,20,0
991f1228-7f81-4905-86f2-ded6fb851fbb,done,20,0
993d5328-4a0b-441a-b9c2-f1a7203b8527,done,20,5
99971900-ff9c-414d-a324-2045a36032e7,done,20,0
99bb7fe1-c70b-4631-88dd-31335729e12c,done,20,0
9a1a2a30-12dd-4ea1-813f-d02116f3aafb,done,20,0
9a5edf40-f9dd-46d8-bc74-89c0f322be17,done,20,0
9ace87b9-ad02-4869-bfae-cdebfc6dccbb,done,20,0
9b2dc830-2f8e-47b4-adc8-46b14c08a26a,done,18,0
9b4795c1-43da-4b95-bfd3-8c73066f9708,done,20,0
9bba7934-7a20-47bb-9cc0-a5acfa7221b1,done,20,0
9c2dd90a-35bd-4359-9bad-9f9cbfa9c1f2,done,20,0
9d7241ce-3271-4099-8b2b-18fe3c6cbab7,done,20,0
9d76c300-2570-4754-a7a5-e49bdd0b628b,done,19,0
9e0a5c7f-f839-4f52-a9f1-92e5777ded7b,done,20,0
9e3a4c10-606e-41c5-b834-09f59139a09b,done,20,0
9ef9980c-0a84-47f0-aca8-4840d40b21c8,done,19,0
9f04f200-5b81-4ecf-a5c1-dc3964ac3a7e,done,20,0
9ff11a14-4fa6-4801-89f4-d1b4d62c3f4b,done,20,0
a0bf2fea-3e5f-4145-98f7-5899a1f0fa66,done,20,0
a0d8a7cb-9121-471a-8e5f-60aacedf84ff,done,20,0
a10214cd-5da5-4f36-8f7a-0d1608600912,done,20,0
a13c6e6f-f84f-45eb-ad7b-707091550a5b,done,20,0
a1c169d3-4b7e-4cf1-8745-58e9cf148cbe,done,20,0
a1d07ae8-4b75-49a2-8098-b681f76c92ed,done,13,0
a1e7d473-7b4e-43d5-9354-d66045ea7687,done,18,0
a2466ec2-a089-4553-a533-1854e9847f29,done,20,0
a2b9f508-0c8e-4fb7-9436-0ce316e2073d,done,20,0
a3071570-4c11-44e4-bf30-74314091e9e6,done,20,0
a344eb30-5b5b-464b-a6e9-d592daee6106,done,20,0
a3deee1c-1a38-4ae7-911e-d10e4a685023,done,20,0
a43e09a9-3fb6-49d1-89f3-24b02c943b2e,done,20,0
a487e893-1426-49f4-ae69-8bbc13830afb,done,20,0
a4a74ed5-de7e-4cca-ab1e-40b4c243f052,done,20,0
a4c44207-66c6-4e71-892c-aaa60929c127,done,20,0
a4e446b7-e383-4912-a87d-d9fed2cbfd93,done,20,5
a4e55fe6-7fd7-44a2-9319-5cd159f08766,done,20,0
a506d874-befd-4f09-b0ac-6fca682a362e,done,20,0
a5a80af6-6eb4-4a8c-a6d5-a8569ddc0242,done,20,0
a5fd5bb1-39e4-42ac-8858-42a614d6dd12,done,20,0
a5fe2fcc-822e-479f-a830-7dd5e548c842,done,20,0
a60c332f-911f-479d-982f-8343b80177f0,done,20,0
a683676f-0c5f-419a-9b92-c794185089bf,done,20,0
a690c4e5-9bfb-4094-aa4b-4534ba6511ed,done,20,0
a6c33981-92cc-4175-83e0-d57981cab824,done,20,0
a84a37ae-45a8-492d-a024-bcfe0e69490c,done,20,0
a8dfddbd-9742-4d93-89d1-2466c74b68f1,done,20,0
a900344e-2f87-46f0-8c21-a6a98d913260,done,2,0
a91af828-6580-40c6-9216-aeb2b2cdd392,done,20,8
a92d50de-d360-4e81-86d6-f58802ad5384,done,20,0
a951df29-a737-40aa-b7b9-1d126b2b4a20,done,20,0
a95db305-f617-4a83-a7b7-a15d4b818202,done,20,0
a96a7ab4-0583-45d2-886b-094c537ed0af,done,20,0
a979d83e-6812-48de-bb7c-9217140fb2fc,done,2,0
a999c304-2667-4a2b-9377-e5add1ef9bed,done,5,0
a99d7c65-e4aa-4fb7-a1bd-a44a71db00d1,done,19,0
a9c4b834-affb-4401-af09-efaf07acc389,done,20,0
a9d9f88f-05d0-40ac-bec9-04753f19e0e2,done,2,0
aaac1e21-79a7-4c7b-9c1c-38e892be2bc5,done,20,0
aaec798c-08ed-44cd-b667-c1beb7f7d714,done,20,5
ab1fad88-49aa-44c5-8f2b-f06aabb542ed,done,20,0
ab63a974-0c73-4847-a248-7209c8f10348,done,2,0
ac0f964d-54b2-4c48-bcf3-13f891ff6373,done,6,0
ac27925a-ba9e-4d42-9aae-0a9c1edf0156,done,20,0 1
ac35cac6-01ab-4102-b5c8-4fe5420a6bb2,done,20,0
ac8b6fde-9410-4785-bdc3-954ec77e01fb,done,20,0
ac913703-145b-4929-9995-79e845c48367,done,20,0
ac9b7e2e-c738-4553-8ba6-cad4d44d2c82,done,20,0
ad402a0a-8645-4328-8e07-4b3cb78bb328,done,20,0
ad63a782-8894-449a-9fc9-58ca6af15bbc,done,15,0
af1110ca-9631-4dd4-accd-3af9226130da,done,20,0
af3437fe-58c5-4aab-b7ca-6c86edbfc635,done,20,0
af3da7c7-a7f6-4ea0-9430-d1c69b78fef8,done,20,0
af5169f2-3d1b-4590-b48f-96ea59b6bf51,done,20,0
af6cfee3-a722-437e-8cd2-10fdba24700e,done,20,0
af78c9ba-a4cd-458e-86a9-fabbc0ff0795,done,20,0
afa9335d-fdfb-4660-85bf-a0fd25580402,done,20,0
afc7cc71-d72a-402b-8ad3-3af6e67709db,done,20,0
b00968ae-8ef0-4d27-ae74-eaa840d56a28,done,20,0
b098862d-8c73-47f3-99ca-39aff8ab2d97,done,20,0
b0d8deed-94ff-436a-8958-b845411e577f,done,20,0 1
b10f3aaf-bf6c-45a8-8160-9cc8ad8f7438,done,6,0
b1245650-0a20-4bfb-b85e-d163d8ff223b,done,10,0
b16700e7-e18c-43a3-bf54-a7605bc998f0,done,20,0 1
b1b04eb5-caf1-4fc8-b170-95d303aa3555,done,20,0
b23adb6e-3063-4f68-9aa3-5e5669bbca54,done,20,0
b281835f-77d5-454d-85ea-2bb928440a27,done,20,0
b2d51525-898e-4d57-8fae-f6bbe3cf46d1,done,2,0
b379ab48-1318-4b49-8068-e9dc52c42188,done,20,0
b3cb75e6-1675-4095-917a-01e9b7f56fe6,done,20,0
b3e76a04-bda2-4f08-944e-4380f87aca6a,done,18,0
b3ef979e-32ba-46dc-bc2e-62ad588904a6,done,20,0
b459827e-cf9f-4fa8-b022-a3fd9f297c3f,done,18,0
b47d6bca-5a00-49f2-8355-bcb0da2f37de,done,20,0
b4c382d1-f971-4008-b03a-e6dd4b17418f,done,20,0
b4e9a088-4453-4151-9383-3f79607623be,done,20,0
b54623b0-c8dc-42f2-ac12-f2547e26144e,done,20,0
b551c7b0-df62-4093-81aa-ac6755b5ff3a,done,20,0
b5741cb0-b885-49ed-a9ea-c4f508344034,done,5,0
b59c76a8-f0c3-4c1a-b61c-48b3b40e395a,done,18,0
b5e513a2-6ca4-4e45-9041-f47368afa897,done,20,0
b6f2a379-90c7-41c9-95a7-f6a8f17251a9,done,20,0
b755a654-d6f1-4e1c-af69-b6a0c66740ca,done,20,0
b75e6a34-17ce-4913-a548-8530de91ba97,done,20,5
b7695912-b13b-4b98-aa1e-ce33e06feaa3,done,20,0
b779fbaa-e824-4e82-86ce-76144e354b21,done,20,0
b80b3d84-080c-4dd5-8175-12bbff21e9a0,done,20,0
b8b9c1fc-6061-485d-86fa-59aa389618ce,done,20,0
b8bcb86d-a25b-481c-9a30-9823b343435a,done,20,0
b8cad53e-0a93-4366-a764-246fbc980c1f,done,20,0
b9283a6f-7521-365f-8f8e-28365f4a0d08,done,20,0
b9f3fc9a-6be8-4849-88ce-5188bd94181e,done,20,0
ba21a2d1-dfaf-4f80-9aad-433492c96bdf,done,20,8
ba2463bc-edcd-4683-be90-3327526979db,done,20,0
ba441a4a-3de3-4e39-8403-8a824e846622,done,20,0
bb33aaf4-5758-4497-b409-1b5037842dce,done,20,0
bb46ae14-f4cc-460b-9679-d95020fb7818,done,20,0
bb4dfcd1-5d63-390a-850f-0f68696fe3ac,done,20,0
bbc6eac9-b2e6-40bc-be4c-ddfade7ecb9b,done,20,0
bbefb59a-cf1a-439a-8f06-620e4c02b2f4,done,20,0
bc23bd27-fdd2-497e-bedf-bd9cb0c5308f,done,20,0
bcb2d64a-26bf-4c0f-9c82-a7441dda27a2,done,20,0
bcbd332f-e8b9-4f45-a75d-f5af09b73b4e,done,20,0
bdc3bebf-4941-43e0-84b0-f9b20a7505c7,done,20,0
bdc41314-9ea9-4f93-855e-40f03571be00,done,20,0
be29bbda-3a21-4321-aaf4-848267bd1815,done,20,0
be2addde-e531-4d7d-9696-6914088c79e5,done,11,0
bf85e3a6-17b7-420a-8028-6c1c0c2b6cce,done,20,0
c02fc9ab-9d1b-4451-8c31-e8a96a75fd0d,done,20,0
c0ac90f3-2e34-4ff6-9b3a-363c53222a39,done,20,0
c0b61c64-41ac-482b-8583-bb4ef693aca9,done,20,0
c0cdc113-c856-42f4-962f-755d87155b76,done,20,0
c0d618e8-fa4d-4081-8873-41c575396631,done,5,0
c119497d-1ea8-44be-ac73-2672ea1fcee1,done,19,0
c149b3d3-0e59-47b1-ab84-3c098165c932,done,18,0
c1c0df70-ad33-42cc-92be-8b18136eae6b,done,2,0
c1db5634-cca6-334c-9fa1-0cce59c69cb0,done,20,2
c24d1294-90c6-4afa-b690-9d9019b65079,done,20,0
c2692267-1442-4f74-8cdd-c16d3b146752,done,20,0
c32060bf-3e5c-43ee-bf5f-ce031708e83b,done,20,0
c338890a-657b-43bd-a162-d1955d4c5189,done,20,5
c483ee58-0f38-3d45-8850-d7242000152d,done,20,0
c49807c1-360c-40c0-bb46-a05af45f9538,done,20,0
c4be9fc1-ea2f-4245-98dc-7c599e0ace24,done,4,0
c4c431ca-b032-41e1-b22f-dd9f8bd039fa,done,20,0
c501f9d2-1311-41b9-824a-3d7afefceaa9,done,20,0
c542fcb5-d047-466e-bc4d-ff8d047e58cc,done,20,0
c54b830c-99fb-400c-8f4f-7cfd6ebe0aee,done,20,0
c57b0d79-7d99-49fd-9b6a-c73ed84d1d53,done,20,0
c6253c5e-cd52-4801-a45d-0072c82d0640,done,20,0
c673e156-90be-4b78-94f8-75d9a5b4d595,done,20,0
c72e1843-005d-4b1a-8716-cfec046205f8,done,11,0
c7719a70-3dc6-4ac8-8c58-aea22d63eed1,done,20,0
c7ec94e4-5590-405a-92fd-47524c8916d4,done,20,0
c801e29f-fb89-4c16-8c9c-68b6cdd03e49,done,20,0
c80504fe-7dd0-493b-9f02-9c5b46a16907,done,20,0
c8371f98-ba7a-46d1-87f7-4d315c539f84,done,20,0
c8d28fd9-497a-3a1b-9600-027fa6d2b1b2,done,20,0
c939348e-4848-4346-8350-8f5aaa152595,done,20,0
c9e5324a-d182-32d5-b11b-865951429e77,done,20,1
ca5ef856-7988-479d-befb-f0414efb9c30,done,20,0
cabd995f-eae5-484e-aa42-7aa7b4a3017e,done,20,0
cae5b6d6-0593-43ab-a363-ce0755d22e69,done,20,0
cb33af6c-9898-4342-b462-1182d28ca66d,done,20,0
cb4ebb9e-24ed-4e12-870a-80a0cb67a90e,done,18,0
cb502e69-2033-4c8f-ab96-4926dc6e2df4,done,20,0
cb751b06-ad6d-4a11-af9d-bcc6844ac9b7,done,20,0
cb79303d-b800-4952-9992-5481fb5524e1,done,20,0
cccec6fa-394a-472a-9cc4-d4844f98e274,done,20,0
cce5f0c3-d491-489c-a132-44400c7d405d,done,20,0
cd91db05-dbb4-4d4d-9480-5ec809fdf7a3,done,20,0
ce70f889-ed36-4ce1-ad3f-63f891a9a181,done,20,0
ce82178d-6d68-457a-884b-eca0feee2b98,done,20,0
ceeea0c1-7762-43b9-836b-99df58014f83,done,20,0
d0152b9b-af36-4513-a6f5-31827e2396ae,done,2,0
d0449fab-5160-44b7-8893-588b1fa03434,done,20,0
d0a8bf46-49c8-43c1-add1-05ec0fa7c590,done,20,0
d1970b25-0b67-47c6-915c-14aba0346fe2,done,20,0
d23cea26-cce0-479b-befc-592366e2852c,done,20,0
d2b6e8a9-bb2f-457e-bd9d-a10f1464b205,done,20,0
d2b6fd93-68d0-452a-8a1d-bf0325bf13ba,done,20,0
d34f784a-545e-405a-8290-0b51a18f3253,done,20,0
d352d609-d0a1-4820-8a18-9e0cd6bd370f,done,20,0
d37a2831-bf80-4c7e-ae34-99f588ebf640,done,10,0
d39c59b8-c376-40af-8f17-b957205611fb,done,20,0
d42f9a2e-b314-46c0-aa22-c514da78e54a,done,20,0
d4845f3f-65df-4484-bce5-1d120f022527,done,20,0
d4a86cf0-7ecf-46c4-9837-7ba6e2554713,done,20,0
d4cb522d-f5e9-4ae4-b681-9cec7097704b,done,20,0
d4ffa9fe-5c80-49ac-999b-e7875db48e78,done,20,0
d519e4f0-7cef-448f-a566-53d1f5b86a20,done,20,0
d570a357-8b0f-4ac0-a48c-f1c5e684d054,done,20,0
d5fbce62-bd28-4c7b-9b1d-f18d91d5507e,done,20,0
d60521d3-8f30-4a96-9f3c-1cd20e52e9d9,done,20,0
d6574da5-c0f0-36ff-9883-59d77e5fd562,done,20,0
d67fcf4e-ba75-49a9-9589-d91cef0b27e5,done,20,0
d77bf2a8-ab64-48db-991d-823a333202d1,done,20,0
d7bb3e2b-e480-4963-9af4-0aa30f84b8ce,done,20,0
d7cf9be8-1662-4325-8f38-7d28a68a4332,done,13,0
d80f304a-0e47-46ea-9c4c-bfc4d67afe33,done,20,0
d833afd0-e075-412d-8a8d-0d201c4cfcb1,done,6,0
d833bc2b-0f50-4682-a38b-3c34348263e9,done,20,0
d92936e2-563c-42de-8a06-0452bc47d028,done,20,0
d9432a47-bb93-494d-b830-c2dfc13f2fcc,done,20,0
d9ae3faa-9d17-4ee1-b610-70d26e0aa688,done,20,0
d9b365b2-51cd-425e-8e37-32a357752df7,done,20,0
da0ec8a6-8c40-4dec-accf-8d69ffc34354,done,20,0
da4b278c-e69e-4b16-9db2-2fcc10e6e8a7,done,20,0
dab3ed11-b4ad-4d6f-bd08-907feb6da756,done,20,0
dac8211a-83cf-4c5e-94f8-e39ccf8ce46a,done,20,0
db503b31-1513-4ab6-8d25-5a5fe32b0ab5,done,20,0
dc42425d-d8b5-4967-b4fb-cbf6bd9b1d1f,done,20,0
dc7558d9-1a27-43ac-8d2d-b03299582c05,done,20,0
dd235c86-2c2f-4d28-916e-7f993ab569d4,done,20,0
dd722044-19c9-4ada-b6c7-06f111399661,done,5,0
ddc54847-b50b-4f88-9913-37f76dd7b466,done,13,0
de871dd2-3f1a-450f-b610-9292b153015e,done,20,0
deddcf4e-f8d4-4fa9-9943-b11172efc92c,done,2,0
df00f00f-6be4-477b-bf31-ac004f6e92ec,done,20,0
df7caaeb-3f2a-4833-99bd-2289bf387e1e,done,20,0
df8709dc-3ded-432f-8367-4c3ea5978c35,done,20,0
dfb91307-d4ed-4bb4-a2f2-543907b3efba,done,18,0
dfc96c09-8177-4baf-81c9-dd735902ee49,done,20,0
dfe755a8-7851-45f8-a688-f41f455592c5,done,6,0
e0519198-0bd6-49dc-b54d-df22f28cf1b5,done,20,0
e0c8b0f6-2344-4c5c-8233-3b084da97b59,done,10,0
e0ee493e-c093-41ef-8055-aacc7ea73255,done,20,0
e101bf26-2a56-44be-834a-e0642fbbb54c,done,20,4
e182b9ad-7d66-4b3f-9693-7b0b8d9fbb06,done,20,0
e1eea09b-9825-4227-baeb-55c04998466d,done,19,0
e1eff159-ad77-4129-95eb-0a3596dde3e0,done,20,0
e2c41e81-dd12-4e39-9ae5-2e0e25dfd8b9,done,20,0
e2dc0a30-d6ce-4409-b486-50c59180bd88,done,20,0
e2ec2dc7-e701-4176-a5e0-3e87ce27e470,done,6,0
e3adfbec-6b34-4012-8bf4-8e19bbc4827b,done,20,0
e42022af-5579-4036-9f1e-0a542cfbab06,done,20,0
e462f5af-6cdc-4d77-8b7e-8fc37bc33e25,done,20,0
e47401c0-2f5c-4272-af84-29c2c82fdb7a,done,20,0
e4bc6cce-6e15-408e-b975-8285ef69588d,done,20,0
e4ca294f-b5a0-4ad5-8174-8ecf0a6b441d,done,20,0
e5084e4f-b1db-4d42-9750-df90369503bb,done,20,0
e5a2f571-5e2c-41a3-a8e7-57caf1651136,done,20,0
e5e0ba02-3db8-457e-a325-f4b4b67409b8,done,20,0
e5ff3ffb-0baa-42c8-a630-1f14557da7cb,done,20,0
e6a61867-8674-45cf-89ec-c35e1e3574ea,done,20,0
e751f61b-1d51-4684-bece-aa333832492c,done,13,0
e762d75a-0711-4713-9ef3-c2492c7e403b,done,20,0
e7694df3-0f46-49fb-9259-13f2f5abf8b7,done,20,0
e76d83a6-40ea-4354-82a2-4047ce6a7253,done,20,8
e789048a-ff93-3999-9c2c-8bf170473d33,done,20,0
e82c7a1e-69e6-4d75-8125-563a2d9651d8,done,19,0
e8b6cea1-5f61-4ac2-a201-0287627fe521,done,20,0
e8dbbd27-d86c-40aa-bf38-d81d88053d12,done,20,0
e8eb20cf-0cb3-4ea2-a594-5f0cb6ed6210,done,20,0
e91c430d-897a-41f7-94ce-9b330621c18f,done,20,0
e999f0d3-24b0-40b3-8a3c-073a8887df00,done,20,0
e9aed384-d075-43b0-98a5-d871b6dfdb36,done,20,0
e9e1759a-31f2-43d2-a4e8-2004784ca31f,done,20,0
ea96d87b-1b15-4648-ae50-f12ea8a2cbce,done,20,0
eb083c7e-74b8-4aa6-adec-3cf280db8d87,done,20,0
eb33b96f-04a2-4911-aa3b-a570b2bb6c41,done,20,0
eb8342e3-fe57-4b9e-8f56-cf2e8e6f0522,done,20,0
ebc29f32-2942-421d-88ba-be192f2c240d,done,20,5
ebcda2f7-cd3e-4d79-8911-30f3f365db0f,done,20,0
eca39f26-24e8-47c0-9047-a330b7929305,done,20,0
ecefefd2-6c3b-4cad-803b-6dc2344a8336,done,20,0
ed92f316-c896-4e80-ba21-bca9f9628366,done,18,0
ed9b69e2-e125-40a2-b519-b168c7e0c606,done,20,0
edfa6ff2-60e0-4fac-8d19-9af7aac9c300,done,20,0
ee7cbc59-fe7e-4788-b147-5409541bf5be,done,20,0
ee9a4e43-6cce-4b7c-9bf0-9008646436ce,done,20,0
ee9b455c-d0f4-4528-bc08-8748fb208927,done,20,0
ee9d17ac-baa7-4a5d-adde-3f9cbb99626d,done,20,0
eed671f0-0bb7-43c8-9b69-772a54c33c2d,done,20,0
eee0a7d7-8eef-4ceb-bc23-81b99672d166,done,20,0
ef284ef6-216e-4318-b89e-5e4e72626306,done,20,0
ef5e4694-afe7-48c0-abd5-62c329727c44,done,20,0
ef61bb70-1778-4714-ad00-3c9a09155068,done,15,0
ef80286d-fcc7-4a4d-8f81-39109d1299a2,done,20,0
f0017b77-6e9a-4b2b-abe4-f42d047e5a66,done,20,0 1
f0781479-30b5-4bf1-967e-38b4a1d6af90,done,20,0
f11dc7ba-f5c8-470f-94fe-ce0234c08eb7,done,20,0
f17164fe-2e22-4210-958e-1dd7ec2a8ca7,done,20,0
f193fc37-72ec-480a-a2b3-c51fd692d58e,done,20,0
f27c07fa-9939-4581-8f68-caaa08064e03,done,20,0
f28a959f-2c9b-4d15-9689-7fabd53ed412,done,20,0
f31d2300-3425-4236-be1e-aa2afb262466,done,20,0
f419f7f6-4909-4d98-b56a-fa5b02c00b2f,done,2,0
f45b5ae5-9db7-4b21-b1af-1577e2e4c8be,done,18,0
f4bf0726-3927-4341-b218-e3a04c8cc103,done,2,0
f546a0e7-61bb-4746-8669-2a04bbbca917,done,20,0
f56ab1aa-8009-4d5b-a8b2-2d885162034c,done,20,0
f58a2f67-1e2c-4fac-9358-8187c093fc9a,done,20,0
f5ad0b0e-5171-40d8-b52a-69361270a69f,done,20,0
f5dcb13d-9691-4bc1-ad52-1dfc1655b219,done,20,0
f631c152-ec67-4a46-8caf-3e23f64fb5fe,done,20,0
f6690568-89fc-4096-8b01-54f6b09d29aa,done,20,0
f69826ed-e3cb-4c60-a879-e504a4bcf9bd,done,20,0
f6b8fde9-c74a-4b2e-980f-7e48e708478d,done,20,0
f6c4d186-1081-4b29-8ee1-1d5c57506857,done,18,0
f6ce6134-4d28-462c-bee3-76d25777d421,done,20,0 1
f6d5f6ca-7eba-4307-99fa-1f1318c3699d,done,18,0
f6e94be5-f994-4bca-822d-b86d9bca0bb9,done,20,0
f7127140-8a51-4f8f-b1fa-bf24676982ad,done,20,0
f81051bc-9a70-4196-9b4a-3b9a173c8e5e,done,20,0
f8693a93-b70c-40ca-b8a0-bb017067e9bf,done,20,0
f8a2c2db-43f0-4184-bff3-b37801509e4e,done,20,0
f8ef6a5c-3e7f-417d-b973-761713983cf0,done,20,0
f92f3287-f4cf-41f6-805d-33cb53fb55b9,done,20,0
f9f3f391-a712-411e-b0d0-c388f05a8f3f,done,20,0
fa093707-5a2b-4f9a-bebd-6959351bcc14,done,20,0
fa0fd321-8a9d-42de-a704-234388ac496e,done,20,0
fa4604f1-8697-471d-921c-6ef36e124406,done,20,0
fa555e7d-d6c1-4c96-8327-30bcf4e649a9,done,20,0
faea3950-538f-4446-8925-f92b47185185,done,8,0
faf95700-f77d-4020-a6b5-ee8b616766e9,done,20,0
fbae3996-1c4e-4e26-932e-ca75d2b1400e,done,20,0
fc348988-fb72-4615-a8c3-cf3ae33a1222,done,20,0
fc3f1970-854e-4f50-b4d4-012d7681aec8,done,20,0
fc6e31fb-7ff1-4537-9b0b-a33cde7c1ced,done,20,0
fc95f165-d78c-4530-9fdb-cb7503e4c5c9,done,20,0
fcbe069c-c755-46b1-b792-cd76d2b5f7d4,done,20,0
fce49a51-c608-46d4-8dc6-2f79d71bc00a,done,20,0
fd2a01d5-c2a4-421b-80d2-d31979e9df76,done,20,0
fd35c991-8c77-4b8d-b68a-cddd553ead79,done,20,0
fd3e8127-4c2f-4e06-ba5f-e0072da77774,done,20,0
fd77d9c9-46e3-42f3-ae0e-d32419591978,done,20,0
fe85af5b-d35e-404b-9035-3019385e6946,done,20,0
fe985fce-2eb2-4d58-9008-e9a48a98977e,done,20,0
fec7edea-4465-4aa5-a900-a762f2944a50,done,20,0
fecb7651-0ff4-42d5-8f7c-14a74115c20f,done,20,0
feeffa84-ddc6-43b7-939e-c47eacd445ec,done,20,0
ff532279-4823-34a0-bbaa-c17cbe25daee,done,20,0
ffe84222-68b0-4c91-93d1-5f4423f6b498,done,20,0
ee8ab6c5-461c-41fd-9353-988a108d6678,too_big,0,
130ab3c1-9811-4098-850f-0e247d51daec,too_big,0,
a97dd64e-10e3-47c3-b686-48c251160a40,error,0,
7e5679e0-bd93-4fe2-871f-86a7bc2479b5,too_big,0,
1a16b989-d226-4e5f-8c26-67903b66888e,too_big,0,
4b144fc0-40a7-4fc1-97fa-430edd02ae0e,too_big,0,
e7181180-5081-4096-bc44-10450f39a0d1,error,0,
12e7c7b0-78c7-41c6-bfea-f6dd55876191,too_big,0,
b7149f22-52ca-45c6-827b-2880d3027deb,too_big,0,
dd6a797e-823f-48b6-82a7-32d278e43cba,too_big,0,
24965214-733c-48c1-954e-a15c00ac9917,too_big,0,
c31358fc-db77-4a6f-99b2-89c3ce0949c1,error,0,
eed37701-9f5a-46e4-859a-03b428efdb29,too_big,0,
d2769c8c-a2a3-4b68-b698-a4cb9f28f4cb,too_big,0,
8b825167-1f39-450d-846b-1fcf49f7e4b8,too_big,0,
19f9842a-a05a-4ca3-ba3d-f4eda9513f13,too_big,0,
92072148-2a97-4199-a872-86d72a16509d,too_big,0,
f0c36a7f-53b3-4f3e-bc4f-024bbc6bffeb,error,0,
a949ddad-0337-4bb5-ad70-0f10f42b8f58,too_big,0,
23004d57-a3f3-469b-a7a1-b180938922cb,too_big,0,
74b064f9-706c-462c-aeec-de34dcc5fcad,done,20,0
74daa16a-e72d-485d-862d-596993adc41f,done,20,0
7511b1a3-48c7-4386-ae6e-f2c4e87c6e84,done,20,0
7515b1ed-701e-4308-8ffc-7620260e775b,done,20,0
7535d642-d87d-4f21-b3ff-26b13a108a67,done,20,0
755045de-88a0-4ad7-8015-e630d9ca8fcd,done,20,0
75819e7a-77a9-4e7d-a24c-4fc9fcf709ef,done,20,0
75cacf4f-b52b-422c-8eda-5ab260de67f3,done,20,4
7a743875-2b16-4464-ae28-524def42e692,done,20,0
7b1ba2cc-5770-47f5-8af9-0cbc680a21a2,done,20,1
7e210ca5-2e37-406c-9144-4d0e055d45fd,done,20,0
7eb5f252-aa6e-4d31-89da-8c0bef0da252,done,20,0
81506f2b-b529-432e-91c7-6d839424ec8b,done,20,0
8176ec57-a5bc-4ae2-8ad2-e7fe6b8ec884,done,20,0
8333f559-b83c-461c-8cbb-1545f9b54dbf,done,20,0
83746428-9222-4782-a21a-a979ac4b230b,done,20,0
8385b458-f076-4a5d-990e-d58ec6cec77b,done,20,0
8471733c-b8d9-4e9b-8661-175447224679,done,20,0
85e5b2b9-45b2-4438-b123-2b153fba0c50,done,20,4
86e441ab-38c3-466a-a0ad-9bafd797f074,done,20,0 1
87666e8b-1291-4ee2-b9cb-cb0b7fbc3a43,done,20,0 1
889880db-ad50-443b-b71d-bd58c9fdf098,done,11,0
8a37826a-41a2-4a33-9329-13e3fd5cc112,done,20,0 1
8c6bad9b-b92a-4dbd-b80f-4fcd2182d52f,done,20,0
8ea0023f-7584-439c-85ba-429a1d2a3a5c,done,20,0
8eb7c01d-77f5-44f5-b7a3-f02ce7b12968,done,20,0
90da8bd9-affa-453c-a1c7-a8485acde04f,done,20,0
94f04745-47b6-41c3-96b7-9fff3729b5bc,done,20,0
95b02d91-c635-47a9-9f65-4f50db3d9ac8,done,20,0
9686733d-1e56-4831-bde5-116b2b4c38eb,done,20,0
9695f977-f576-4fe9-b2e0-867a3a8293d5,done,20,0
96ac4528-5b8c-40db-a0fc-d236c2c8ddd2,done,20,0 1
97dc38de-148f-4c9b-b2d8-1ba0c8437791,done,20,0 1
97f10f07-a14e-44ec-be26-55bb9fac4b05,done,20,4 5
9ac230f5-8f5f-484f-bed8-0d10deda4122,done,20,0
9b778c83-beb0-4cd3-8b2a-1296a9338a50,done,20,0
9bfc2a11-3216-41b9-bb6e-d53205abaf39,done,20,0
9d1b0670-183c-4730-9641-c6054a720f4e,done,20,0
9d243b11-0e6e-4122-933c-d47fbf47af0d,done,20,0
9e60ffce-d3c9-47c4-b4ae-0c00444d686f,done,20,0
a121d5f1-f067-43fa-a2b4-dfcc334c0911,done,20,0
a277a7a8-c68f-4ba4-9fd7-8203bcc7dd42,done,20,0
a2c7694d-4108-4f3c-8c94-1ad04427ef64,done,20,0
a4df0278-8096-4882-8c9c-428cd399c4b9,done,20,0
a531a583-aa1d-4403-9231-b159b62f1cc2,done,20,0
a58220ae-eda7-458c-b44d-c109c8d04524,done,18,0
a6ab0617-fb48-4c6e-8d3f-881bd473537b,done,20,0
a7a764a1-a12b-4915-af31-fb9fe53edce8,done,20,0
a8d0cafc-4cc0-4512-b592-3bebc43f5e45,done,20,0
aae683dc-c33c-47c9-8ffe-7b6bdef8ef40,done,20,0
ab96d37b-938f-4fc4-9771-8789108fb11c,done,11,0
abe91698-82e0-477d-8263-a034d7a8b826,done,20,0
ac39e4e7-1936-4f54-be9b-d0aa662675e8,done,20,4 5
af6dc3e4-7bd4-43c5-9067-df77a53dd490,done,20,0
af7e44cb-4e78-4adc-bdb1-89df7537269f,done,20,0
affaeda4-2ff1-4969-8549-d0f71da40c69,done,20,0
b02b3d5d-e9ca-43d9-a797-0c8ed061679c,done,20,0
b1058a40-2934-453c-8608-3c427456ab71,done,20,4
b1c97792-57d7-4a99-afba-c3afb22fba23,done,20,0
b277a7bb-428c-46c4-a34a-aa42ddf73a6e,done,20,0
b3302468-20dd-41a0-b000-2432af091b2f,done,20,0
b33c9663-e969-4152-aa0c-c9e9ce07f346,done,20,4 5 6 7 8
b37e8d88-fedc-41b9-9282-a42576c2f4e9,done,20,0
b3eac39b-b6c8-442f-9f00-0dd269749929,done,20,4
b5591293-67d8-42a0-aadc-8d1f008e28ed,done,20,0 2
b55cb1f4-7b6f-497e-86f5-da399b211567,done,20,4
b674f7db-a054-430e-a430-45f208696ed0,done,20,0
b7777314-5522-4377-85b4-33d6cd4bb645,done,20,0 1
b8e12432-7aae-49b3-b866-1ba9a32a18a3,done,20,1
b9572ce8-dbe6-4757-9d39-36e678c55fad,done,20,0
bc4f50f3-efeb-4154-a64c-6b3a855bc644,done,20,0
bca5acac-23af-4034-81e6-4166ea0c0e46,done,20,0
bf36adb2-cc82-4e5e-8568-9df67ed14784,done,20,0
c02a0849-976d-4623-9b20-23c99d5af9b6,done,10,0
c1892f92-d54b-40f2-8c38-c67e03a3145f,done,20,0
c1c6fc96-6c65-48e7-b8e5-3b7de677d374,done,20,0
c404a4e2-9244-43c1-ad40-55c41713acaf,done,20,1
c47c3d73-a76e-410c-a7f1-44064b49a998,done,20,0
c4a83069-4020-41a8-a0f0-c3c8b43afe16,done,20,0 1
c73a01f6-2427-4ffc-b05e-eee36ef86904,done,20,0
c7e0e953-5e7c-45ba-946e-b31cde032fdd,done,20,0
c984b6cb-d208-476c-b1cc-170634a2f4d0,done,20,0
ca1285a9-bc99-4d2f-9e6f-317b2e0a463a,done,20,0
cc8533c1-f599-4ae1-993a-46f0c8cefbf3,done,7,1
cca3a21d-4994-42cd-a5cb-663d88c53e8a,done,20,0
ccf0fb20-471e-4e1c-95c5-6e965f599064,done,20,1
cd2c17fc-0e74-4ae0-83ff-1d279d527709,done,20,0
cd345ff9-1b6f-496b-a4d3-d32d2582a61c,done,16,0
ce8888b4-6fe1-41d4-ba2e-9b7e28fd199e,done,20,0 1
d19c277a-fe00-43a2-84a0-bef7b9b2ce3c,done,20,0
d24659c5-7280-4d44-8f89-e373b9121fee,done,20,0
d328fef4-2d98-43e6-a8df-e6bdd36a1006,done,20,1
d332a14c-818a-4993-9231-c2974e48f391,done,20,0
d4de1309-138f-4ed8-bbc0-b982297b3178,done,20,0
d6a8d37f-da1d-4cc3-aea1-f28f8f4d8f00,done,20,0
d763339e-5d1a-4040-ab53-5b0254b5881c,done,20,0
d7aa8309-70ec-40e0-a7cf-9492c505c33b,done,20,0
d9d79110-e472-4aec-89ee-e51861f4d88d,done,20,0
d9fc59dd-5566-48d2-b7c8-7219a6b0d11e,done,20,0
dc062723-d9f6-4076-b174-dd5f4657f007,done,20,0
dc0b93a6-0d35-445e-8cc4-fb0b42395a09,done,20,0
dfe2a6fc-ce6d-43ee-9e9e-920f40956515,done,20,4
e027a59f-3cb6-48c0-94da-2dd00dd89ab7,done,20,0
e21700b3-408d-4ce8-a82b-8bc3023e7242,done,20,0
e4340b80-9b29-407b-aae0-431953e6cb7e,done,20,0
e4bfc5af-996d-43a0-b7bb-90afca72c16c,done,20,0
e4ed5f7c-e73e-4e22-b672-13188448fc47,done,20,0
e5417654-bf99-4df0-aeeb-54863b02085e,done,20,0
e544509e-1279-4f8b-9d3f-66b9a0c1afa2,done,20,0
e81de630-5516-4561-bb9e-c9f5ee4da672,done,20,0
e98cd559-7637-4e00-87e2-9dd59a33d715,done,20,2 14
ebca88a5-00b6-4487-a882-9ba05c62ab37,done,20,0
ed7a7530-eb89-4685-a102-f913a8438efe,done,20,0
edf62ee4-1388-45dc-a0ea-d982e41e61a6,done,15,0
ee258128-b9ac-4f93-9a0c-8623f1a68454,done,20,0
f233d21b-fa5d-4a0a-9b29-fcb8460be1f8,done,20,2
f31fef60-8746-4fd7-9419-c69ea1aeb44c,done,20,0
f5b584ce-2086-4ad7-9161-871a4e29870a,done,16,0
f5c8b1be-6348-4d58-aec2-828e5e08167a,done,20,0 1
f800370c-21de-4afa-91bb-37214e07d40e,done,20,0
fb2b485e-5ad4-474a-ae89-d23c2c52c58d,done,20,0
fc383119-5541-40af-9373-46eb5d105db9,done,20,0
fc623d34-fe68-49ae-bac0-5764aebbdb92,done,20,1
fd80af26-5a76-4b7e-9104-08197c9a91ed,done,20,0
fd9917bc-6346-4fcc-9c01-e59899ab5e38,done,20,0 1
fe8837b8-4944-45d7-97fc-8cde88c7e246,done,20,0 1
fe9196f5-0279-44a6-ab7c-846d30953c11,done,20,0
ff2e6b63-2de1-4d8c-a00d-63b2fcbeb322,done,20,0 1 2 3 4
ff52731f-bf82-4896-ade7-feca9b1a5a94,done,20,0
ff79c849-5e58-4d4b-9f6c-ce3346c7042a,done,20,0
1fdb7623-e90a-4c78-86c0-089f5de2d82d,done,12,0
1fe6033e-9bf2-4fdf-9191-bf522579ad66,done,20,
21001658-10d3-442a-aaf7-66c390e280db,done,20,0
216581e3-2f7f-43d0-afaf-8fe6a5129599,done,20,0
21993453-367e-47d7-9435-e685d3f2b3cb,done,20,0
22e7e0ed-b2da-42c4-b35d-ee69aa4b7e91,done,20,0
23c64163-1f47-4dc4-a278-ebd8ffba1ee9,done,20,0
26dc9cf4-c0e8-4e13-b0c2-89363492180f,done,20,0
2968bb97-9f1d-4198-86ec-19cf18847c09,done,20,0
29e95f42-d061-49b2-b422-04032e84774c,done,20,0
29e9944a-a61d-4771-8377-8fe471cff449,done,20,0 1
2a7a17bf-b67c-4fc2-b636-959c7f1d7ae4,done,20,0
2c17ad13-6fb0-481d-84ad-42abdf958f82,done,20,0
3006ff94-fa7a-4cc4-8b58-a2164ce6a937,done,20,0
3078546f-36d9-43a9-aaaa-d2e5d57da0f9,done,20,0
333b304a-8e85-4c7f-a0cf-083eb9de7904,done,20,0
34127615-1e76-4e74-be34-48840691f865,done,20,0
369d9b90-352d-4c72-a72f-c2ff904bcb3f,done,20,0
369f6f34-148a-42ed-b581-8c164e941a89,done,20,0
37149be5-bf27-46e9-ade0-0d81c39c2c07,done,20,0
377b2cf8-134e-4c45-b33e-aeb5931d8ef9,done,20,0
38668538-b809-47d9-92d3-5da299fec3af,done,20,3
38868502-576e-41eb-aad6-a22525ee0f07,done,20,0
38a1952f-246a-4d9a-aff5-c756ce338e1b,done,20,4
38abf029-c270-4a1c-9e2b-1fbd86275515,done,20,1
38e54ee0-8d7b-4224-b3d9-1f5d3b0a2bdb,done,20,0
3ab80a87-25a7-4aea-b510-0301c1232081,done,20,0
3b314b5f-93d7-4cf7-b1a0-6f9ee4221141,done,20,0
3b6b5c30-8743-40b9-95c1-e61d75137154,done,20,0
3bab6199-b6a1-43b5-9840-562390826c63,done,20,0
3c1a3a58-82b5-48a6-a78a-59bea416e6b2,done,20,0
3d6c3d7a-e063-4308-940d-9ba5c724b7a8,done,20,0
3df9d399-106b-4710-9b66-3a8f34d92112,done,20,0
3faaafb4-00e2-4303-947d-ac786b62559f,done,20,0
3fc178f1-e742-4f6e-be64-6c268a056f0e,done,20,0
4039ba8c-18b4-4219-9652-d9f9cd57fba5,done,20,0
40828564-ec2e-489f-b1c9-19e4c8b5bc54,done,20,0
408e3ff3-b99c-4f5a-883d-fba9ce2f2e3a,done,20,0
4116ded0-7b38-4f39-9b64-81f662750d44,done,20,0
449b29bc-a915-483b-9a27-5467a55e9bde,done,20,0
44e302fa-0974-4bf0-b794-115f8bd6bdca,done,20,0
46215791-1ccf-4c9d-9627-bfee5f215ba4,done,17,0
46c22bc9-c832-4d61-8531-8f3212875079,done,20,1
47eb9feb-a1e3-4c49-8578-324ab9c5dadb,done,20,0
48863a23-c691-4ee4-9161-55322e802063,done,20,0 1
48befb4e-5510-4fc3-95cc-9ff3dc41c0e1,done,20,0
49cbe2b6-3438-434e-a5dd-e159c9a0c2a0,done,20,0
4b5d431e-de50-4dc6-a7fd-56caf47792d6,done,20,0
4c66d9b6-b656-4097-b874-ce74ec25175c,done,20,0
4d0a36e5-9ded-4a81-8fab-f676bb359f41,done,20,0
4da30e2d-4436-4e72-8764-a937274af567,done,20,0
4de50c9d-e453-4caa-a3b4-f4f217caa257,done,20,0
4f7c494c-0088-47e5-93cf-b368c9a4fa85,done,20,0
511c1c06-da58-47ef-991d-25cf4b2edce4,done,20,0
5124972a-afa4-41f8-8a2d-191e7a970bce,done,20,6
525ed651-a57a-4aac-82bf-7d4658abf77f,done,20,0
52b49547-e961-4a42-888d-39b2b1b103cd,done,20,0
5333d261-ad59-4ae6-bcc2-b77afba4d7f8,done,20,0
544a405f-bfaf-4818-9620-a7b0c6339621,done,20,0
54b5dfba-bf8c-4997-9644-cb9744903bf6,done,20,0
5523fbbb-21a2-4878-b72a-5635022c58ff,done,20,0
569889aa-85b0-4989-83b6-6cbf9c627f30,done,20,2
5793d282-4305-4b3b-b347-164ac0eb4f52,done,20,0
57d1a43b-3f36-4270-ac12-8e1a806e3e64,done,20,0
57dac673-d6b1-4684-9633-8d7e93c0a6bb,done,20,0
58d7fa7f-62d1-4639-adae-ee9dbb3e3c3f,done,3,0
59e965fa-9464-407e-b802-1b0c51b71294,done,20,0
5b275f50-35b8-4b4b-bb4a-2bd35c3c1bb9,done,20,0
5b3cc6b6-5858-4676-976f-62e842b24586,done,20,0
5bf62492-bb83-4051-9d2b-2e8524312964,done,20,0
5c423204-5bbe-4551-8a51-d2f4e2f62150,done,20,0
5f1aa78b-3fc4-44eb-aa37-6d3c708f9e52,done,20,0
60694a95-9060-49e4-b1ec-b61910e4c8c9,done,20,0
61c5f584-a380-410f-a86f-a4b8b9c00b14,done,20,0
6346e0e0-f2f2-46fa-929c-d74dc35012d5,done,20,0
6453a8e2-82c4-48a5-aca1-ae80cc16216c,done,20,0
6582c53d-3a91-4918-a1f4-4048482fe29a,done,20,1
667813d6-3732-4a9a-9a3f-6640a5e7a970,done,6,0
66d9cd8f-d44d-4993-8775-65da6857250c,done,20,0
6aa3fa04-1503-4d81-8830-7ee3df4fcebe,done,20,2
6aac2728-7d46-4d34-8dce-ac3e3beddc15,done,20,0 1
6d202914-5004-4dc5-8135-3218c507e961,done,20,0
6e2a4943-8561-43ab-a291-27005148147b,done,20,0
6e92239f-1bfe-4896-b042-bc1e0b36517f,done,20,0
6f8e62fe-55ec-47d8-815b-940297cc0da1,done,20,0
70450e53-7c57-4e5e-bf5a-363e3db615e2,done,20,2
71911667-651d-4c1c-a7a7-9b9657101671,done,3,0
73eca5b4-9257-4d21-86d0-a024eb858b0f,done,20,0
74612931-76eb-41dd-b0cb-5e412289873f,done,20,0
74a28c12-070c-4700-8126-473847b1aaed,done,12,0 1
003f0037-f754-4f84-b338-031bd24161b6,done,20,0
00444df7-9944-49ed-8e4b-9618f8939411,done,19,0
0065a7ca-6495-45fc-a457-5a27e1a28889,done,20,0
0136a6bd-0ec8-4601-9bd4-d1cd776c0404,done,20,0
0324d098-6148-4f88-922c-56c9e7d9429d,done,20,0
032c5517-c888-4057-9f47-805662bc7a57,done,20,0 1
03762abc-4f3d-43ac-9fe3-3fce79fb17c7,done,20,0
04460ae8-b97d-4784-8e4f-cef3f4e27fd0,done,20,0
04b0ca5c-01e0-46ba-bd70-9d6a29e092ed,done,20,4
05564825-56f0-4f8f-8c69-f1dd6b5a8061,done,20,0
057917fe-a409-4dc1-a07e-70b74c8b6648,done,20,0 1
05dd3ae6-614f-491b-9f35-9625dd475a52,done,20,0
0673cab0-dff3-49e2-8fe4-1ec066e6c9c8,done,20,0 1
06c0b424-40c3-42f8-8416-bf5b0d24fe0d,done,14,0
072329d5-0f9c-4e3f-aae1-c4996ae2b5d5,done,20,0
08d00b6b-71f1-4080-b0ba-748755cedae6,done,20,0
09a3c285-8552-4a38-b4be-cdf6d5fc3fd2,done,20,0
0a30e00b-9c4b-4402-b329-51565119d767,done,20,0
0d737f96-35d9-48f9-a6a1-51f3a336e10a,done,20,0
0e040e20-f157-46ce-860b-186b294ce1f7,done,20,0
0e85c6b7-05e3-4488-90da-1ebb49d5d46d,done,9,0
1086fa70-b06f-4f5c-9c9f-18f39fe24381,done,20,0
10ce9048-522c-4bf2-90b8-3cf2c3e79593,done,20,0
124b9213-accc-4605-a0de-3219794c5783,done,20,1
134f9c61-5eeb-4816-9d15-24db48d15c08,done,20,0
1540362f-89f1-4cc2-8ad7-7190aebcb534,done,20,0
157a4e12-dc08-4080-ac6e-7de695484cfc,done,20,0
15cb39a0-b591-4947-9e6c-e4d2e12b3346,done,20,0
16cab2d1-7d45-48a2-9f6f-03fea20553c5,done,20,0
176d14a0-91fb-442e-b0f5-5ca68d3513eb,done,20,0
18bb4d66-609a-4d84-b4f6-e1e425185289,done,20,0
18decf7b-4988-4a13-ba7a-efd124a5b39c,done,20,0
18f57da8-053d-47aa-a5d7-74daf9f56d15,done,20,0 1
19aa980b-b7b3-4c53-bfa5-9fd0f5e1cec9,done,20,0
1a3d16f3-e3fa-4189-9be0-eb6890b67be8,done,20,2 3 4
1a675491-fe52-4144-b0f6-499764b4b751,done,11,0
1b6a1a6c-d81d-4742-a310-9f26b4117ea7,done,20,0
1b763495-ab78-4585-80df-6449c03aedec,done,20,0
1b817914-3ffe-490c-9a05-385f43a105aa,done,20,0
1bee30a2-4ae7-4819-9352-146253119cfa,done,20,0
1c34a1f2-0a2a-456e-af80-f0cae3a8d1ad,done,20,0
1c4c6a3e-2e49-4dbc-b231-4998978601b7,done,20,4
1dc4b513-1fac-4f78-80c6-ad46ea22161e,done,20,0
1eee0b42-e1e2-4798-9d71-1ca792c987e2,done,20,0
1f0842ac-2e00-4251-aa9b-547f761ae041,done,20,4 5
